Round Number,Date,Location,Home Team,Away Team,Result
1,11/08/2018 00:45,Old Trafford,Man Utd,Leicester,2 - 1
1,11/08/2018 17:15,St. James' Park,Newcastle,Spurs,1 - 2
1,11/08/2018 19:45,Vitality Stadium,Bournemouth,Cardiff,2 - 0
1,11/08/2018 19:45,Craven Cottage,Fulham,Crystal Palace,0 - 2
1,11/08/2018 19:45,John Smith's Stadium,Huddersfield,Chelsea,0 - 3
1,11/08/2018 19:45,Vicarage Road,Watford,Brighton,2 - 0
1,11/08/2018 22:15,Molineux Stadium,Wolves,Everton,2 - 2
1,12/08/2018 18:15,Anfield,Liverpool,West Ham,4 - 0
1,12/08/2018 18:15,St. Mary's Stadium,Southampton,Burnley,0 - 0
1,12/08/2018 20:45,Emirates Stadium,Arsenal,Man City,0 - 2
2,18/08/2018 17:15,Cardiff City Stadium,Cardiff,Newcastle,0 - 0
2,18/08/2018 19:45,Goodison Park,Everton,Southampton,2 - 1
2,18/08/2018 19:45,King Power Stadium,Leicester,Wolves,2 - 0
2,18/08/2018 19:45,Wembley Stadium,Spurs,Fulham,3 - 1
2,18/08/2018 19:45,London Stadium,West Ham,Bournemouth,1 - 2
2,18/08/2018 22:15,Stamford Bridge,Chelsea,Arsenal,3 - 2
2,19/08/2018 18:15,Turf Moor,Burnley,Watford,1 - 3
2,19/08/2018 18:15,Etihad Stadium,Man City,Huddersfield,6 - 1
2,19/08/2018 20:45,Amex Stadium,Brighton,Man Utd,3 - 2
2,21/08/2018 00:45,Selhurst Park,Crystal Palace,Liverpool,0 - 2
3,25/08/2018 17:15,Molineux Stadium,Wolves,Man City,1 - 1
3,25/08/2018 19:45,Emirates Stadium,Arsenal,West Ham,3 - 1
3,25/08/2018 19:45,Vitality Stadium,Bournemouth,Everton,2 - 2
3,25/08/2018 19:45,John Smith's Stadium,Huddersfield,Cardiff,0 - 0
3,25/08/2018 19:45,St. Mary's Stadium,Southampton,Leicester,1 - 2
3,25/08/2018 22:15,Anfield,Liverpool,Brighton,1 - 0
3,26/08/2018 18:15,Vicarage Road,Watford,Crystal Palace,2 - 1
3,26/08/2018 20:45,Craven Cottage,Fulham,Burnley,4 - 2
3,26/08/2018 20:45,St. James' Park,Newcastle,Chelsea,1 - 2
3,28/08/2018 00:45,Old Trafford,Man Utd,Spurs,0 - 3
4,01/09/2018 17:15,King Power Stadium,Leicester,Liverpool,1 - 2
4,01/09/2018 19:45,Amex Stadium,Brighton,Fulham,2 - 2
4,01/09/2018 19:45,Stamford Bridge,Chelsea,Bournemouth,2 - 0
4,01/09/2018 19:45,Selhurst Park,Crystal Palace,Southampton,0 - 2
4,01/09/2018 19:45,Goodison Park,Everton,Huddersfield,1 - 1
4,01/09/2018 19:45,London Stadium,West Ham,Wolves,0 - 1
4,01/09/2018 22:15,Etihad Stadium,Man City,Newcastle,2 - 1
4,02/09/2018 18:15,Cardiff City Stadium,Cardiff,Arsenal,2 - 3
4,02/09/2018 20:45,Turf Moor,Burnley,Man Utd,0 - 2
4,02/09/2018 20:45,Vicarage Road,Watford,Spurs,2 - 1
5,15/09/2018 17:15,Wembley Stadium,Spurs,Liverpool,1 - 2
5,15/09/2018 19:45,Vitality Stadium,Bournemouth,Leicester,4 - 2
5,15/09/2018 19:45,Stamford Bridge,Chelsea,Cardiff,4 - 1
5,15/09/2018 19:45,John Smith's Stadium,Huddersfield,Crystal Palace,0 - 1
5,15/09/2018 19:45,Etihad Stadium,Man City,Fulham,3 - 0
5,15/09/2018 19:45,St. James' Park,Newcastle,Arsenal,1 - 2
5,15/09/2018 22:15,Vicarage Road,Watford,Man Utd,1 - 2
5,16/09/2018 18:15,Molineux Stadium,Wolves,Burnley,1 - 0
5,16/09/2018 20:45,Goodison Park,Everton,West Ham,1 - 3
5,18/09/2018 00:45,St. Mary's Stadium,Southampton,Brighton,2 - 2
6,22/09/2018 17:15,Craven Cottage,Fulham,Watford,1 - 1
6,22/09/2018 19:45,Turf Moor,Burnley,Bournemouth,4 - 0
6,22/09/2018 19:45,Cardiff City Stadium,Cardiff,Man City,0 - 5
6,22/09/2018 19:45,Selhurst Park,Crystal Palace,Newcastle,0 - 0
6,22/09/2018 19:45,King Power Stadium,Leicester,Huddersfield,3 - 1
6,22/09/2018 19:45,Anfield,Liverpool,Southampton,3 - 0
6,22/09/2018 19:45,Old Trafford,Man Utd,Wolves,1 - 1
6,22/09/2018 22:15,Amex Stadium,Brighton,Spurs,1 - 2
6,23/09/2018 18:15,London Stadium,West Ham,Chelsea,0 - 0
6,23/09/2018 20:45,Emirates Stadium,Arsenal,Everton,2 - 0
7,29/09/2018 17:15,London Stadium,West Ham,Man Utd,3 - 1
7,29/09/2018 19:45,Emirates Stadium,Arsenal,Watford,2 - 0
7,29/09/2018 19:45,Goodison Park,Everton,Fulham,3 - 0
7,29/09/2018 19:45,John Smith's Stadium,Huddersfield,Spurs,0 - 2
7,29/09/2018 19:45,Etihad Stadium,Man City,Brighton,2 - 0
7,29/09/2018 19:45,St. James' Park,Newcastle,Leicester,0 - 2
7,29/09/2018 19:45,Molineux Stadium,Wolves,Southampton,2 - 0
7,29/09/2018 22:15,Stamford Bridge,Chelsea,Liverpool,1 - 1
7,30/09/2018 20:45,Cardiff City Stadium,Cardiff,Burnley,1 - 2
7,02/10/2018 00:45,Vitality Stadium,Bournemouth,Crystal Palace,2 - 1
8,06/10/2018 00:45,Amex Stadium,Brighton,West Ham,1 - 0
8,06/10/2018 19:45,Turf Moor,Burnley,Huddersfield,1 - 1
8,06/10/2018 19:45,Selhurst Park,Crystal Palace,Wolves,0 - 1
8,06/10/2018 19:45,King Power Stadium,Leicester,Everton,1 - 2
8,06/10/2018 19:45,Wembley Stadium,Spurs,Cardiff,1 - 0
8,06/10/2018 19:45,Vicarage Road,Watford,Bournemouth,0 - 4
8,06/10/2018 22:15,Old Trafford,Man Utd,Newcastle,3 - 2
8,07/10/2018 16:45,Craven Cottage,Fulham,Arsenal,1 - 5
8,07/10/2018 19:00,St. Mary's Stadium,Southampton,Chelsea,0 - 3
8,07/10/2018 21:15,Anfield,Liverpool,Man City,0 - 0
9,20/10/2018 17:15,Stamford Bridge,Chelsea,Man Utd,2 - 2
9,20/10/2018 19:45,Vitality Stadium,Bournemouth,Southampton,0 - 0
9,20/10/2018 19:45,Cardiff City Stadium,Cardiff,Fulham,4 - 2
9,20/10/2018 19:45,Etihad Stadium,Man City,Burnley,5 - 0
9,20/10/2018 19:45,St. James' Park,Newcastle,Brighton,0 - 1
9,20/10/2018 19:45,London Stadium,West Ham,Spurs,0 - 1
9,20/10/2018 19:45,Molineux Stadium,Wolves,Watford,0 - 2
9,20/10/2018 22:15,John Smith's Stadium,Huddersfield,Liverpool,0 - 1
9,21/10/2018 20:45,Goodison Park,Everton,Crystal Palace,2 - 0
9,23/10/2018 00:45,Emirates Stadium,Arsenal,Leicester,3 - 1
10,27/10/2018 19:45,Amex Stadium,Brighton,Wolves,1 - 0
10,27/10/2018 19:45,Craven Cottage,Fulham,Bournemouth,0 - 3
10,27/10/2018 19:45,Anfield,Liverpool,Cardiff,4 - 1
10,27/10/2018 19:45,St. Mary's Stadium,Southampton,Newcastle,0 - 0
10,27/10/2018 19:45,Vicarage Road,Watford,Huddersfield,3 - 0
10,27/10/2018 22:15,King Power Stadium,Leicester,West Ham,1 - 1
10,28/10/2018 19:15,Turf Moor,Burnley,Chelsea,0 - 4
10,28/10/2018 19:15,Selhurst Park,Crystal Palace,Arsenal,2 - 2
10,28/10/2018 21:45,Old Trafford,Man Utd,Everton,2 - 1
10,30/10/2018 01:45,Wembley Stadium,Spurs,Man City,0 - 1
11,03/11/2018 18:15,Vitality Stadium,Bournemouth,Man Utd,1 - 2
11,03/11/2018 20:45,Cardiff City Stadium,Cardiff,Leicester,0 - 1
11,03/11/2018 20:45,Goodison Park,Everton,Brighton,3 - 1
11,03/11/2018 20:45,St. James' Park,Newcastle,Watford,1 - 0
11,03/11/2018 20:45,London Stadium,West Ham,Burnley,4 - 2
11,03/11/2018 23:15,Emirates Stadium,Arsenal,Liverpool,1 - 1
11,04/11/2018 01:30,Molineux Stadium,Wolves,Spurs,2 - 3
11,04/11/2018 20:45,Etihad Stadium,Man City,Southampton,6 - 1
11,04/11/2018 21:45,Stamford Bridge,Chelsea,Crystal Palace,3 - 1
11,06/11/2018 01:45,John Smith's Stadium,Huddersfield,Fulham,1 - 0
12,10/11/2018 18:15,Cardiff City Stadium,Cardiff,Brighton,2 - 1
12,10/11/2018 20:45,John Smith's Stadium,Huddersfield,West Ham,1 - 1
12,10/11/2018 20:45,King Power Stadium,Leicester,Burnley,0 - 0
12,10/11/2018 20:45,St. James' Park,Newcastle,Bournemouth,2 - 1
12,10/11/2018 20:45,St. Mary's Stadium,Southampton,Watford,1 - 1
12,10/11/2018 23:15,Selhurst Park,Crystal Palace,Spurs,0 - 1
12,11/11/2018 17:45,Anfield,Liverpool,Fulham,2 - 0
12,11/11/2018 20:00,Stamford Bridge,Chelsea,Everton,0 - 0
12,11/11/2018 22:15,Emirates Stadium,Arsenal,Wolves,1 - 1
12,11/11/2018 22:15,Etihad Stadium,Man City,Man Utd,3 - 1
13,24/11/2018 20:45,Amex Stadium,Brighton,Leicester,1 - 1
13,24/11/2018 20:45,Goodison Park,Everton,Cardiff,1 - 0
13,24/11/2018 20:45,Craven Cottage,Fulham,Southampton,3 - 2
13,24/11/2018 20:45,Old Trafford,Man Utd,Crystal Palace,0 - 0
13,24/11/2018 20:45,Vicarage Road,Watford,Liverpool,0 - 3
13,24/11/2018 20:45,London Stadium,West Ham,Man City,0 - 4
13,24/11/2018 23:15,Tottenham Hotspur Stadium,Spurs,Chelsea,3 - 1
13,25/11/2018 19:15,Vitality Stadium,Bournemouth,Arsenal,1 - 2
13,25/11/2018 21:45,Molineux Stadium,Wolves,Huddersfield,0 - 2
13,27/11/2018 02:15,Turf Moor,Burnley,Newcastle,1 - 2
14,01/12/2018 01:45,Cardiff City Stadium,Cardiff,Wolves,2 - 1
14,01/12/2018 20:45,Selhurst Park,Crystal Palace,Burnley,2 - 0
14,01/12/2018 20:45,John Smith's Stadium,Huddersfield,Brighton,1 - 2
14,01/12/2018 20:45,King Power Stadium,Leicester,Watford,2 - 0
14,01/12/2018 20:45,Etihad Stadium,Man City,Bournemouth,3 - 1
14,01/12/2018 20:45,St. James' Park,Newcastle,West Ham,0 - 3
14,01/12/2018 23:15,St. Mary's Stadium,Southampton,Man Utd,2 - 2
14,02/12/2018 17:45,Stamford Bridge,Chelsea,Fulham,2 - 0
14,02/12/2018 19:50,Emirates Stadium,Arsenal,Spurs,4 - 2
14,02/12/2018 22:00,Anfield,Liverpool,Everton,1 - 0
15,05/12/2018 01:30,Vitality Stadium,Bournemouth,Huddersfield,2 - 1
15,05/12/2018 01:30,Amex Stadium,Brighton,Crystal Palace,3 - 1
15,05/12/2018 01:30,London Stadium,West Ham,Cardiff,3 - 1
15,05/12/2018 01:45,Vicarage Road,Watford,Man City,1 - 2
15,06/12/2018 01:30,Turf Moor,Burnley,Liverpool,1 - 3
15,06/12/2018 01:30,Craven Cottage,Fulham,Leicester,1 - 1
15,06/12/2018 01:30,Molineux Stadium,Wolves,Chelsea,2 - 1
15,06/12/2018 01:30,Goodison Park,Everton,Newcastle,1 - 1
15,06/12/2018 01:45,Old Trafford,Man Utd,Arsenal,2 - 2
15,06/12/2018 01:45,Tottenham Hotspur Stadium,Spurs,Southampton,3 - 1
16,08/12/2018 18:15,Vitality Stadium,Bournemouth,Liverpool,0 - 4
16,08/12/2018 20:45,Emirates Stadium,Arsenal,Huddersfield,1 - 0
16,08/12/2018 20:45,Turf Moor,Burnley,Brighton,1 - 0
16,08/12/2018 20:45,Cardiff City Stadium,Cardiff,Southampton,1 - 0
16,08/12/2018 20:45,Old Trafford,Man Utd,Fulham,4 - 1
16,08/12/2018 20:45,London Stadium,West Ham,Crystal Palace,3 - 2
16,08/12/2018 23:15,Stamford Bridge,Chelsea,Man City,2 - 0
16,09/12/2018 01:30,King Power Stadium,Leicester,Spurs,0 - 2
16,09/12/2018 21:45,St. James' Park,Newcastle,Wolves,1 - 2
16,11/12/2018 01:45,Goodison Park,Everton,Watford,2 - 2
17,15/12/2018 18:15,Etihad Stadium,Man City,Everton,3 - 1
17,15/12/2018 20:45,Selhurst Park,Crystal Palace,Leicester,1 - 0
17,15/12/2018 20:45,John Smith's Stadium,Huddersfield,Newcastle,0 - 1
17,15/12/2018 20:45,Tottenham Hotspur Stadium,Spurs,Burnley,1 - 0
17,15/12/2018 20:45,Vicarage Road,Watford,Cardiff,3 - 2
17,15/12/2018 20:45,Molineux Stadium,Wolves,Bournemouth,2 - 0
17,15/12/2018 23:15,Craven Cottage,Fulham,West Ham,0 - 2
17,16/12/2018 19:15,Amex Stadium,Brighton,Chelsea,1 - 2
17,16/12/2018 19:15,St. Mary's Stadium,Southampton,Arsenal,3 - 2
17,16/12/2018 21:45,Anfield,Liverpool,Man Utd,3 - 1
18,22/12/2018 01:45,Molineux Stadium,Wolves,Liverpool,0 - 2
18,22/12/2018 18:15,Emirates Stadium,Arsenal,Burnley,3 - 1
18,22/12/2018 20:45,Vitality Stadium,Bournemouth,Brighton,2 - 0
18,22/12/2018 20:45,Stamford Bridge,Chelsea,Leicester,0 - 1
18,22/12/2018 20:45,John Smith's Stadium,Huddersfield,Southampton,1 - 3
18,22/12/2018 20:45,Etihad Stadium,Man City,Crystal Palace,2 - 3
18,22/12/2018 20:45,St. James' Park,Newcastle,Fulham,0 - 0
18,22/12/2018 20:45,London Stadium,West Ham,Watford,0 - 2
18,22/12/2018 23:15,Cardiff City Stadium,Cardiff,Man Utd,1 - 5
18,23/12/2018 21:45,Goodison Park,Everton,Spurs,2 - 6
19,26/12/2018 18:15,Craven Cottage,Fulham,Wolves,1 - 1
19,26/12/2018 20:45,Turf Moor,Burnley,Everton,1 - 5
19,26/12/2018 20:45,Selhurst Park,Crystal Palace,Cardiff,0 - 0
19,26/12/2018 20:45,King Power Stadium,Leicester,Man City,2 - 1
19,26/12/2018 20:45,Anfield,Liverpool,Newcastle,4 - 0
19,26/12/2018 20:45,Old Trafford,Man Utd,Huddersfield,3 - 1
19,26/12/2018 20:45,Tottenham Hotspur Stadium,Spurs,Bournemouth,5 - 0
19,26/12/2018 23:00,Amex Stadium,Brighton,Arsenal,1 - 1
19,27/12/2018 01:15,Vicarage Road,Watford,Chelsea,1 - 2
19,28/12/2018 01:30,St. Mary's Stadium,Southampton,West Ham,1 - 2
20,29/12/2018 20:45,Amex Stadium,Brighton,Everton,1 - 0
20,29/12/2018 20:45,Craven Cottage,Fulham,Huddersfield,1 - 0
20,29/12/2018 20:45,King Power Stadium,Leicester,Cardiff,0 - 1
20,29/12/2018 20:45,Tottenham Hotspur Stadium,Spurs,Wolves,1 - 3
20,29/12/2018 20:45,Vicarage Road,Watford,Newcastle,1 - 1
20,29/12/2018 23:15,Anfield,Liverpool,Arsenal,5 - 1
20,30/12/2018 17:45,Selhurst Park,Crystal Palace,Chelsea,0 - 1
20,30/12/2018 20:00,Turf Moor,Burnley,West Ham,2 - 0
20,30/12/2018 20:00,St. Mary's Stadium,Southampton,Man City,1 - 3
20,30/12/2018 22:15,Old Trafford,Man Utd,Bournemouth,4 - 1
21,01/01/2019 18:15,Goodison Park,Everton,Leicester,0 - 1
21,01/01/2019 20:45,Emirates Stadium,Arsenal,Fulham,4 - 1
21,01/01/2019 23:15,Cardiff City Stadium,Cardiff,Spurs,0 - 3
21,03/01/2019 01:30,Vitality Stadium,Bournemouth,Watford,3 - 3
21,03/01/2019 01:30,Stamford Bridge,Chelsea,Southampton,0 - 0
21,03/01/2019 01:30,John Smith's Stadium,Huddersfield,Burnley,1 - 2
21,03/01/2019 01:30,London Stadium,West Ham,Brighton,2 - 2
21,03/01/2019 01:30,Molineux Stadium,Wolves,Crystal Palace,0 - 2
21,03/01/2019 01:45,St. James' Park,Newcastle,Man Utd,0 - 2
21,04/01/2019 01:45,Etihad Stadium,Man City,Liverpool,2 - 1
22,12/01/2019 18:15,London Stadium,West Ham,Arsenal,1 - 0
22,12/01/2019 20:45,Amex Stadium,Brighton,Liverpool,0 - 1
22,12/01/2019 20:45,Turf Moor,Burnley,Fulham,2 - 1
22,12/01/2019 20:45,Cardiff City Stadium,Cardiff,Huddersfield,0 - 0
22,12/01/2019 20:45,Selhurst Park,Crystal Palace,Watford,1 - 2
22,12/01/2019 20:45,King Power Stadium,Leicester,Southampton,1 - 2
22,12/01/2019 23:15,Stamford Bridge,Chelsea,Newcastle,2 - 1
22,13/01/2019 20:00,Goodison Park,Everton,Bournemouth,2 - 0
22,13/01/2019 21:48,Tottenham Hotspur Stadium,Spurs,Man Utd,0 - 1
22,15/01/2019 01:45,Etihad Stadium,Man City,Wolves,3 - 0
23,19/01/2019 18:15,Molineux Stadium,Wolves,Leicester,
23,19/01/2019 20:45,Vitality Stadium,Bournemouth,West Ham,
23,19/01/2019 20:45,Anfield,Liverpool,Crystal Palace,
23,19/01/2019 20:45,Old Trafford,Man Utd,Brighton,
23,19/01/2019 20:45,St. James' Park,Newcastle,Cardiff,
23,19/01/2019 20:45,St. Mary's Stadium,Southampton,Everton,
23,19/01/2019 20:45,Vicarage Road,Watford,Burnley,
23,19/01/2019 23:15,Emirates Stadium,Arsenal,Chelsea,
23,20/01/2019 19:15,John Smith's Stadium,Huddersfield,Man City,
23,20/01/2019 21:45,Craven Cottage,Fulham,Spurs,
24,30/01/2019 01:30,Emirates Stadium,Arsenal,Cardiff,
24,30/01/2019 01:30,Craven Cottage,Fulham,Brighton,
24,30/01/2019 01:30,John Smith's Stadium,Huddersfield,Everton,
24,30/01/2019 01:30,Molineux Stadium,Wolves,West Ham,
24,30/01/2019 01:45,Old Trafford,Man Utd,Burnley,
24,31/01/2019 01:30,Vitality Stadium,Bournemouth,Chelsea,
24,31/01/2019 01:30,St. Mary's Stadium,Southampton,Crystal Palace,
24,31/01/2019 01:45,St. James' Park,Newcastle,Man City,
24,31/01/2019 01:45,Anfield,Liverpool,Leicester,
24,31/01/2019 01:45,Tottenham Hotspur Stadium,Spurs,Watford,
25,02/02/2019 18:15,Tottenham Hotspur Stadium,Spurs,Newcastle,
25,02/02/2019 20:45,Amex Stadium,Brighton,Watford,
25,02/02/2019 20:45,Turf Moor,Burnley,Southampton,
25,02/02/2019 20:45,Stamford Bridge,Chelsea,Huddersfield,
25,02/02/2019 20:45,Selhurst Park,Crystal Palace,Fulham,
25,02/02/2019 20:45,Goodison Park,Everton,Wolves,
25,02/02/2019 23:15,Cardiff City Stadium,Cardiff,Bournemouth,
25,03/02/2019 19:50,King Power Stadium,Leicester,Man Utd,
25,03/02/2019 22:15,Etihad Stadium,Man City,Arsenal,
25,05/02/2019 01:45,London Stadium,West Ham,Liverpool,
26,09/02/2019 18:15,Craven Cottage,Fulham,Man Utd,
26,09/02/2019 20:45,Selhurst Park,Crystal Palace,West Ham,
26,09/02/2019 20:45,John Smith's Stadium,Huddersfield,Arsenal,
26,09/02/2019 20:45,Anfield,Liverpool,Bournemouth,
26,09/02/2019 20:45,St. Mary's Stadium,Southampton,Cardiff,
26,09/02/2019 20:45,Vicarage Road,Watford,Everton,
26,09/02/2019 23:15,Amex Stadium,Brighton,Burnley,
26,10/02/2019 19:15,Tottenham Hotspur Stadium,Spurs,Leicester,
26,10/02/2019 21:45,Etihad Stadium,Man City,Chelsea,
26,12/02/2019 01:45,Molineux Stadium,Wolves,Newcastle,
27,23/02/2019 01:30,Cardiff City Stadium,Cardiff,Watford,
27,23/02/2019 01:30,London Stadium,West Ham,Fulham,
27,23/02/2019 18:15,Turf Moor,Burnley,Spurs,
27,23/02/2019 20:45,Vitality Stadium,Bournemouth,Wolves,
27,23/02/2019 20:45,King Power Stadium,Leicester,Crystal Palace,
27,23/02/2019 20:45,St. James' Park,Newcastle,Huddersfield,
27,23/02/2019 23:15,Goodison Park,Everton,Man City,
27,24/02/2019 17:45,Stamford Bridge,Chelsea,Brighton,
27,24/02/2019 19:50,Emirates Stadium,Arsenal,Southampton,
27,24/02/2019 19:50,Old Trafford,Man Utd,Liverpool,
28,27/02/2019 01:30,Cardiff City Stadium,Cardiff,Everton,
28,27/02/2019 01:30,John Smith's Stadium,Huddersfield,Wolves,
28,27/02/2019 01:30,King Power Stadium,Leicester,Brighton,
28,27/02/2019 01:45,Etihad Stadium,Man City,West Ham,
28,28/02/2019 01:30,Emirates Stadium,Arsenal,Bournemouth,
28,28/02/2019 01:30,St. James' Park,Newcastle,Burnley,
28,28/02/2019 01:30,St. Mary's Stadium,Southampton,Fulham,
28,28/02/2019 01:45,Selhurst Park,Crystal Palace,Man Utd,
28,28/02/2019 01:45,Stamford Bridge,Chelsea,Spurs,
28,28/02/2019 01:45,Anfield,Liverpool,Watford,
29,02/03/2019 20:45,Vitality Stadium,Bournemouth,Man City,
29,02/03/2019 20:45,Amex Stadium,Brighton,Huddersfield,
29,02/03/2019 20:45,Turf Moor,Burnley,Crystal Palace,
29,02/03/2019 20:45,Goodison Park,Everton,Liverpool,
29,02/03/2019 20:45,Craven Cottage,Fulham,Chelsea,
29,02/03/2019 20:45,Old Trafford,Man Utd,Southampton,
29,02/03/2019 20:45,Tottenham Hotspur Stadium,Spurs,Arsenal,
29,02/03/2019 20:45,Vicarage Road,Watford,Leicester,
29,02/03/2019 20:45,London Stadium,West Ham,Newcastle,
29,02/03/2019 20:45,Molineux Stadium,Wolves,Cardiff,
30,09/03/2019 20:45,Emirates Stadium,Arsenal,Man Utd,
30,09/03/2019 20:45,Cardiff City Stadium,Cardiff,West Ham,
30,09/03/2019 20:45,Stamford Bridge,Chelsea,Wolves,
30,09/03/2019 20:45,Selhurst Park,Crystal Palace,Brighton,
30,09/03/2019 20:45,John Smith's Stadium,Huddersfield,Bournemouth,
30,09/03/2019 20:45,King Power Stadium,Leicester,Fulham,
30,09/03/2019 20:45,Anfield,Liverpool,Burnley,
30,09/03/2019 20:45,Etihad Stadium,Man City,Watford,
30,09/03/2019 20:45,St. James' Park,Newcastle,Everton,
30,09/03/2019 20:45,St. Mary's Stadium,Southampton,Spurs,
31,16/03/2019 20:45,Vitality Stadium,Bournemouth,Newcastle,
31,16/03/2019 20:45,Amex Stadium,Brighton,Cardiff,
31,16/03/2019 20:45,Turf Moor,Burnley,Leicester,
31,16/03/2019 20:45,Goodison Park,Everton,Chelsea,
31,16/03/2019 20:45,Craven Cottage,Fulham,Liverpool,
31,16/03/2019 20:45,Old Trafford,Man Utd,Man City,
31,16/03/2019 20:45,Tottenham Hotspur Stadium,Spurs,Crystal Palace,
31,16/03/2019 20:45,Vicarage Road,Watford,Southampton,
31,16/03/2019 20:45,London Stadium,West Ham,Huddersfield,
31,16/03/2019 20:45,Molineux Stadium,Wolves,Arsenal,
32,30/03/2019 20:45,Emirates Stadium,Arsenal,Newcastle,
32,30/03/2019 20:45,Amex Stadium,Brighton,Southampton,
32,30/03/2019 20:45,Turf Moor,Burnley,Wolves,
32,30/03/2019 20:45,Cardiff City Stadium,Cardiff,Chelsea,
32,30/03/2019 20:45,Selhurst Park,Crystal Palace,Huddersfield,
32,30/03/2019 20:45,Craven Cottage,Fulham,Man City,
32,30/03/2019 20:45,King Power Stadium,Leicester,Bournemouth,
32,30/03/2019 20:45,Anfield,Liverpool,Spurs,
32,30/03/2019 20:45,Old Trafford,Man Utd,Watford,
32,30/03/2019 20:45,London Stadium,West Ham,Everton,
33,06/04/2019 19:45,Vitality Stadium,Bournemouth,Burnley,
33,06/04/2019 19:45,Stamford Bridge,Chelsea,West Ham,
33,06/04/2019 19:45,Goodison Park,Everton,Arsenal,
33,06/04/2019 19:45,John Smith's Stadium,Huddersfield,Leicester,
33,06/04/2019 19:45,Etihad Stadium,Man City,Cardiff,
33,06/04/2019 19:45,St. James' Park,Newcastle,Crystal Palace,
33,06/04/2019 19:45,St. Mary's Stadium,Southampton,Liverpool,
33,06/04/2019 19:45,Tottenham Hotspur Stadium,Spurs,Brighton,
33,06/04/2019 19:45,Vicarage Road,Watford,Fulham,
33,06/04/2019 19:45,Molineux Stadium,Wolves,Man Utd,
34,13/04/2019 19:45,Amex Stadium,Brighton,Bournemouth,
34,13/04/2019 19:45,Turf Moor,Burnley,Cardiff,
34,13/04/2019 19:45,Selhurst Park,Crystal Palace,Man City,
34,13/04/2019 19:45,Craven Cottage,Fulham,Everton,
34,13/04/2019 19:45,King Power Stadium,Leicester,Newcastle,
34,13/04/2019 19:45,Anfield,Liverpool,Chelsea,
34,13/04/2019 19:45,Old Trafford,Man Utd,West Ham,
34,13/04/2019 19:45,St. Mary's Stadium,Southampton,Wolves,
34,13/04/2019 19:45,Tottenham Hotspur Stadium,Spurs,Huddersfield,
34,13/04/2019 19:45,Vicarage Road,Watford,Arsenal,
35,20/04/2019 19:45,Emirates Stadium,Arsenal,Crystal Palace,
35,20/04/2019 19:45,Vitality Stadium,Bournemouth,Fulham,
35,20/04/2019 19:45,Cardiff City Stadium,Cardiff,Liverpool,
35,20/04/2019 19:45,Stamford Bridge,Chelsea,Burnley,
35,20/04/2019 19:45,Goodison Park,Everton,Man Utd,
35,20/04/2019 19:45,John Smith's Stadium,Huddersfield,Watford,
35,20/04/2019 19:45,Etihad Stadium,Man City,Spurs,
35,20/04/2019 19:45,St. James' Park,Newcastle,Southampton,
35,20/04/2019 19:45,London Stadium,West Ham,Leicester,
35,20/04/2019 19:45,Molineux Stadium,Wolves,Brighton,
36,27/04/2019 19:45,Amex Stadium,Brighton,Newcastle,
36,27/04/2019 19:45,Turf Moor,Burnley,Man City,
36,27/04/2019 19:45,Selhurst Park,Crystal Palace,Everton,
36,27/04/2019 19:45,Craven Cottage,Fulham,Cardiff,
36,27/04/2019 19:45,King Power Stadium,Leicester,Arsenal,
36,27/04/2019 19:45,Anfield,Liverpool,Huddersfield,
36,27/04/2019 19:45,Old Trafford,Man Utd,Chelsea,
36,27/04/2019 19:45,St. Mary's Stadium,Southampton,Bournemouth,
36,27/04/2019 19:45,Tottenham Hotspur Stadium,Spurs,West Ham,
36,27/04/2019 19:45,Vicarage Road,Watford,Wolves,
37,04/05/2019 19:45,Emirates Stadium,Arsenal,Brighton,
37,04/05/2019 19:45,Vitality Stadium,Bournemouth,Spurs,
37,04/05/2019 19:45,Cardiff City Stadium,Cardiff,Crystal Palace,
37,04/05/2019 19:45,Stamford Bridge,Chelsea,Watford,
37,04/05/2019 19:45,Goodison Park,Everton,Burnley,
37,04/05/2019 19:45,John Smith's Stadium,Huddersfield,Man Utd,
37,04/05/2019 19:45,Etihad Stadium,Man City,Leicester,
37,04/05/2019 19:45,St. James' Park,Newcastle,Liverpool,
37,04/05/2019 19:45,London Stadium,West Ham,Southampton,
37,04/05/2019 19:45,Molineux Stadium,Wolves,Fulham,
38,12/05/2019 19:45,Amex Stadium,Brighton,Man City,
38,12/05/2019 19:45,Turf Moor,Burnley,Arsenal,
38,12/05/2019 19:45,Selhurst Park,Crystal Palace,Bournemouth,
38,12/05/2019 19:45,Craven Cottage,Fulham,Newcastle,
38,12/05/2019 19:45,King Power Stadium,Leicester,Chelsea,
38,12/05/2019 19:45,Anfield,Liverpool,Wolves,
38,12/05/2019 19:45,Old Trafford,Man Utd,Cardiff,
38,12/05/2019 19:45,St. Mary's Stadium,Southampton,Huddersfield,
38,12/05/2019 19:45,Tottenham Hotspur Stadium,Spurs,Everton,
38,12/05/2019 19:45,Vicarage Road,Watford,West Ham,
